Workbook

Sheet Data
A1: TX ID | B1: Product | C1: Quantity | D1: Unit Price | E1: Amount | F1: Order Date | G1: Ship Date | H1: Customer Gender | I1: Order Mode | J1: Rating C | K1: State | L1: County | M1: Days to Deliver | N1: Weeknum | O1: Gender Value
A2: TX500001 | B2: Shorts | C2: 1 | D2: 10.9 | E2: 10.9 | F2: 45658 | G2: 45663 | I2: App | J2: 4 | K2: California | L2: Alpine County | M2: =orders[[#This Row],[Ship Date]]-orders[[#This Row],[Order Date]] -> 5 | N2: =WEEKNUM(orders[[#This Row],[Order Date]]) -> 1 | O2: {=_xlfn.IFS(orders[[#This Row],[Customer Gender]]="M","Male", orders[[#This Row],[Customer Gender]]="F","Female", orders[[#This Row],[Customer Gender]]="O","Other", TRUE,"Unknown")} -> Unknown
A3: TX500002 | B3: Tank Tops | C3: 2 | D3: 30.6 | E3: 61.2 | F3: 45658 | G3: 45660 | H3: M | I3: App | J3: 4 | K3: California | L3: Contra Costa County | M3: =orders[[#This Row],[Ship Date]]-orders[[#This Row],[Order Date]] -> 2 | N3: =WEEKNUM(orders[[#This Row],[Order Date]]) -> 1 | O3: {=_xlfn.IFS(orders[[#This Row],[Customer Gender]]="M","Male", orders[[#This Row],[Customer Gender]]="F","Female", orders[[#This Row],[Customer Gender]]="O","Other", TRUE,"Unknown")} -> Male
A4: TX500003 | B4: Sneakers | C4: 3 | D4: 109.4 | E4: 328.2 | F4: 45658 | G4: 45661 | H4: F | I4: App | J4: 3 | K4: California | L4: Fresno County | M4: =orders[[#This Row],[Ship Date]]-orders[[#This Row],[Order Date]] -> 3 | N4: =WEEKNUM(orders[[#This Row],[Order Date]]) -> 1 | O4: {=_xlfn.IFS(orders[[#This Row],[Customer Gender]]="M","Male", orders[[#This Row],[Customer Gender]]="F","Female", orders[[#This Row],[Customer Gender]]="O","Other", TRUE,"Unknown")} -> Female
A5: TX500004 | B5: Workout Tops | C5: 7 | D5: 37.7 | E5: 263.9 | F5: 45658 | G5: 45659 | H5: F | I5: App | J5: 4 | K5: California | L5: Fresno County | M5: =orders[[#This Row],[Ship Date]]-orders[[#This Row],[Order Date]] -> 1 | N5: =WEEKNUM(orders[[#This Row],[Order Date]]) -> 1 | O5: {=_xlfn.IFS(orders[[#This Row],[Customer Gender]]="M","Male", orders[[#This Row],[Customer Gender]]="F","Female", orders[[#This Row],[Customer Gender]]="O","Other", TRUE,"Unknown")} -> Female
A6: TX500005 | B6: Graphic Tees | C6: 3 | D6: 56.7 | E6: 170.1 | F6: 45658 | G6: 45661 | H6: F | I6: App | J6: 5 | K6: California | L6: Los Angeles County | M6: =orders[[#This Row],[Ship Date]]-orders[[#This Row],[Order Date]] -> 3 | N6: =WEEKNUM(orders[[#This Row],[Order Date]]) -> 1 | O6: {=_xlfn.IFS(orders[[#This Row],[Customer Gender]]="M","Male", orders[[#This Row],[Customer Gender]]="F","Female", orders[[#This Row],[Customer Gender]]="O","Other", TRUE,"Unknown")} -> Female
A7: TX500006 | B7: Tank Tops | C7: 12 | D7: 83.5 | E7: 1002 | F7: 45658 | G7: 45661 | H7: M | I7: Website | J7: 4 | K7: California | L7: Los Angeles County | M7: =orders[[#This Row],[Ship Date]]-orders[[#This Row],[Order Date]] -> 3 | N7: =WEEKNUM(orders[[#This Row],[Order Date]]) -> 1 | O7: {=_xlfn.IFS(orders[[#This Row],[Customer Gender]]="M","Male", orders[[#This Row],[Customer Gender]]="F","Female", orders[[#This Row],[Customer Gender]]="O","Other", TRUE,"Unknown")} -> Male
A8: TX500007 | B8: Sandals | C8: 1 | D8: 55.3 | E8: 55.3 | F8: 45658 | G8: 45659 | H8: F | I8: App | J8: 4 | K8: California | L8: Los Angeles County | M8: =orders[[#This Row],[Ship Date]]-orders[[#This Row],[Order Date]] -> 1 | N8: =WEEKNUM(orders[[#This Row],[Order Date]]) -> 1 | O8: {=_xlfn.IFS(orders[[#This Row],[Customer Gender]]="M","Male", orders[[#This Row],[Customer Gender]]="F","Female", orders[[#This Row],[Customer Gender]]="O","Other", TRUE,"Unknown")} -> Female
A9: TX500008 | B9: Jeans | C9: 2 | D9: 40.3 | E9: 80.6 | F9: 45658 | G9: 45659 | H9: M | I9: Target.com | J9: 5 | K9: California | L9: Los Angeles County | M9: =orders[[#This Row],[Ship Date]]-orders[[#This Row],[Order Date]] -> 1 | N9: =WEEKNUM(orders[[#This Row],[Order Date]]) -> 1 | O9: {=_xlfn.IFS(orders[[#This Row],[Customer Gender]]="M","Male", orders[[#This Row],[Customer Gender]]="F","Female", orders[[#This Row],[Customer Gender]]="O","Other", TRUE,"Unknown")} -> Male
A10: TX500009 | B10: Hoodies & Sweatshirts | C10: 11 | D10: 35.7 | E10: 392.7 | F10: 45658 | G10: 45659 | H10: F | I10: App | J10: 4 | K10: California | L10: Los Angeles County | M10: =orders[[#This Row],[Ship Date]]-orders[[#This Row],[Order Date]] -> 1 | N10: =WEEKNUM(orders[[#This Row],[Order Date]]) -> 1 | O10: {=_xlfn.IFS(orders[[#This Row],[Customer Gender]]="M","Male", orders[[#This Row],[Customer Gender]]="F","Female", orders[[#This Row],[Customer Gender]]="O","Other", TRUE,"Unknown")} -> Female
A11: TX500010 | B11: T-Shirts | C11: 7 | D11: 22.4 | E11: 156.8 | F11: 45658 | G11: 45661 | H11: M | I11: App | J11: 3 | K11: California | L11: Los Angeles County | M11: =orders[[#This Row],[Ship Date]]-orders[[#This Row],[Order Date]] -> 3 | N11: =WEEKNUM(orders[[#This Row],[Order Date]]) -> 1 | O11: {=_xlfn.IFS(orders[[#This Row],[Customer Gender]]="M","Male", orders[[#This Row],[Customer Gender]]="F","Female", orders[[#This Row],[Customer Gender]]="O","Other", TRUE,"Unknown")} -> Male
A12: TX500011 | B12: Sundresses | C12: 2 | D12: 54.4 | E12: 108.8 | F12: 45658 | G12: 45664 | H12: F | I12: App | J12: 4 | K12: California | L12: Los Angeles County | M12: =orders[[#This Row],[Ship Date]]-orders[[#This Row],[Order Date]] -> 6 | N12: =WEEKNUM(orders[[#This Row],[Order Date]]) -> 1 | O12: {=_xlfn.IFS(orders[[#This Row],[Customer Gender]]="M","Male", orders[[#This Row],[Customer Gender]]="F","Female", orders[[#This Row],[Customer Gender]]="O","Other", TRUE,"Unknown")} -> Female
A13: TX500012 | B13: Sundresses | C13: 2 | D13: 49 | E13: 98 | F13: 45658 | G13: 45660 | H13: F | I13: Target.com | J13: 3 | K13: California | L13: Los Angeles County | M13: =orders[[#This Row],[Ship Date]]-orders[[#This Row],[Order Date]] -> 2 | N13: =WEEKNUM(orders[[#This Row],[Order Date]]) -> 1 | O13: {=_xlfn.IFS(orders[[#This Row],[Customer Gender]]="M","Male", orders[[#This Row],[Customer Gender]]="F","Female", orders[[#This Row],[Customer Gender]]="O","Other", TRUE,"Unknown")} -> Female
A14: TX500013 | B14: Sandals | C14: 7 | D14: 118.6 | E14: 830.2 | F14: 45658 | G14: 45662 | H14: F | I14: Website | J14: 4 | K14: California | L14: Nevada County | M14: =orders[[#This Row],[Ship Date]]-orders[[#This Row],[Order Date]] -> 4 | N14: =WEEKNUM(orders[[#This Row],[Order Date]]) -> 1 | O14: {=_xlfn.IFS(orders[[#This Row],[Customer Gender]]="M","Male", orders[[#This Row],[Customer Gender]]="F","Female", orders[[#This Row],[Customer Gender]]="O","Other", TRUE,"Unknown")} -> Female
... A28: TX500027 | B28: Tank Tops | C28: 9 | D28: 38.7 | E28: 348.3 | F28: 45658 | G28: 45661 | H28: M | I28: Website | J28: 4 | K28: California | L28: Santa Barbara County | M28: =orders[[#This Row],[Ship Date]]-orders[[#This Row],[Order Date]] -> 3 | N28: =WEEKNUM(orders[[#This Row],[Order Date]]) -> 1 | O28: {=_xlfn.IFS(orders[[#This Row],[Customer Gender]]="M","Male", orders[[#This Row],[Customer Gender]]="F","Female", orders[[#This Row],[Customer Gender]]="O","Other", TRUE,"Unknown")} -> Male
A29: TX500028 | B29: Tote Bags | C29: 4 | D29: 57.2 | E29: 228.8 | F29: 45658 | G29: 45660 | I29: Website | J29: 5 | K29: California | L29: Santa Clara County | M29: =orders[[#This Row],[Ship Date]]-orders[[#This Row],[Order Date]] -> 2 | N29: =WEEKNUM(orders[[#This Row],[Order Date]]) -> 1 | O29: {=_xlfn.IFS(orders[[#This Row],[Customer Gender]]="M","Male", orders[[#This Row],[Customer Gender]]="F","Female", orders[[#This Row],[Customer Gender]]="O","Other", TRUE,"Unknown")} -> Unknown
A30: TX500029 | B30: Jeans | C30: 5 | D30: 50.9 | E30: 254.5 | F30: 45658 | G30: 45664 | I30: Website | J30: 5 | K30: California | L30: Tehama County | M30: =orders[[#This Row],[Ship Date]]-orders[[#This Row],[Order Date]] -> 6 | N30: =WEEKNUM(orders[[#This Row],[Order Date]]) -> 1 | O30: {=_xlfn.IFS(orders[[#This Row],[Customer Gender]]="M","Male", orders[[#This Row],[Customer Gender]]="F","Female", orders[[#This Row],[Customer Gender]]="O","Other", TRUE,"Unknown")} -> Unknown
A31: TX500030 | B31: Baseball Caps | C31: 7 | D31: 41 | E31: 287 | F31: 45658 | G31: 45662 | H31: F | I31: Website | J31: 4 | K31: California | L31: Ventura County | M31: =orders[[#This Row],[Ship Date]]-orders[[#This Row],[Order Date]] -> 4 | N31: =WEEKNUM(orders[[#This Row],[Order Date]]) -> 1 | O31: {=_xlfn.IFS(orders[[#This Row],[Customer Gender]]="M","Male", orders[[#This Row],[Customer Gender]]="F","Female", orders[[#This Row],[Customer Gender]]="O","Other", TRUE,"Unknown")} -> Female
A32: TX500031 | B32: T-Shirts | C32: 7 | D32: 19.1 | E32: 133.7 | F32: 45658 | G32: 45662 | H32: M | I32: App | J32: 5 | K32: California | L32: Calaveras County | M32: =orders[[#This Row],[Ship Date]]-orders[[#This Row],[Order Date]] -> 4 | N32: =WEEKNUM(orders[[#This Row],[Order Date]]) -> 1 | O32: {=_xlfn.IFS(orders[[#This Row],[Customer Gender]]="M","Male", orders[[#This Row],[Customer Gender]]="F","Female", orders[[#This Row],[Customer Gender]]="O","Other", TRUE,"Unknown")} -> Male
A33: TX500032 | B33: Sneakers | C33: 5 | D33: 166.1 | E33: 830.5 | F33: 45658 | G33: 45661 | H33: M | I33: App | J33: 4 | K33: California | L33: Inyo County | M33: =orders[[#This Row],[Ship Date]]-orders[[#This Row],[Order Date]] -> 3 | N33: =WEEKNUM(orders[[#This Row],[Order Date]]) -> 1 | O33: {=_xlfn.IFS(orders[[#This Row],[Customer Gender]]="M","Male", orders[[#This Row],[Customer Gender]]="F","Female", orders[[#This Row],[Customer Gender]]="O","Other", TRUE,"Unknown")} -> Male
A34: TX500033 | B34: Graphic Tees | C34: 3 | D34: 29.9 | E34: 89.7 | F34: 45658 | G34: 45659 | H34: M | I34: Instagram | J34: 4 | K34: California | L34: Los Angeles County | M34: =orders[[#This Row],[Ship Date]]-orders[[#This Row],[Order Date]] -> 1 | N34: =WEEKNUM(orders[[#This Row],[Order Date]]) -> 1 | O34: {=_xlfn.IFS(orders[[#This Row],[Customer Gender]]="M","Male", orders[[#This Row],[Customer Gender]]="F","Female", orders[[#This Row],[Customer Gender]]="O","Other", TRUE,"Unknown")} -> Male
A35: TX500034 | B35: Bikinis | C35: 6 | D35: 21.7 | E35: 130.2 | F35: 45658 | G35: 45660 | H35: O | I35: Target.com | J35: 5 | K35: California | L35: Los Angeles County | M35: =orders[[#This Row],[Ship Date]]-orders[[#This Row],[Order Date]] -> 2 | N35: =WEEKNUM(orders[[#This Row],[Order Date]]) -> 1 | O35: {=_xlfn.IFS(orders[[#This Row],[Customer Gender]]="M","Male", orders[[#This Row],[Customer Gender]]="F","Female", orders[[#This Row],[Customer Gender]]="O","Other", TRUE,"Unknown")} -> Other
A36: TX500035 | B36: Maxi Dresses | C36: 2 | D36: 32 | E36: 64 | F36: 45658 | G36: 45661 | H36: M | I36: App | J36: 5 | K36: California | L36: Los Angeles County | M36: =orders[[#This Row],[Ship Date]]-orders[[#This Row],[Order Date]] -> 3 | N36: =WEEKNUM(orders[[#This Row],[Order Date]]) -> 1 | O36: {=_xlfn.IFS(orders[[#This Row],[Customer Gender]]="M","Male", orders[[#This Row],[Customer Gender]]="F","Female", orders[[#This Row],[Customer Gender]]="O","Other", TRUE,"Unknown")} -> Male
A37: TX500036 | B37: T-Shirts | C37: 2 | D37: 15.8 | E37: 31.6 | F37: 45658 | G37: 45659 | H37: M | I37: Partner App | J37: 5 | K37: California | L37: Los Angeles County | M37: =orders[[#This Row],[Ship Date]]-orders[[#This Row],[Order Date]] -> 1 | N37: =WEEKNUM(orders[[#This Row],[Order Date]]) -> 1 | O37: {=_xlfn.IFS(orders[[#This Row],[Customer Gender]]="M","Male", orders[[#This Row],[Customer Gender]]="F","Female", orders[[#This Row],[Customer Gender]]="O","Other", TRUE,"Unknown")} -> Male
A38: TX500037 | B38: Sneakers | C38: 17 | D38: 203.1 | E38: 3452.7 | F38: 45658 | G38: 45662 | H38: M | I38: Instagram | J38: 3 | K38: California | L38: Los Angeles County | M38: =orders[[#This Row],[Ship Date]]-orders[[#This Row],[Order Date]] -> 4 | N38: =WEEKNUM(orders[[#This Row],[Order Date]]) -> 1 | O38: {=_xlfn.IFS(orders[[#This Row],[Customer Gender]]="M","Male", orders[[#This Row],[Customer Gender]]="F","Female", orders[[#This Row],[Customer Gender]]="O","Other", TRUE,"Unknown")} -> Male
A39: TX500038 | B39: Hoodies & Sweatshirts | C39: 13 | D39: 39 | E39: 507 | F39: 45658 | G39: 45664 | H39: M | I39: App | J39: 5 | K39: California | L39: Los Angeles County | M39: =orders[[#This Row],[Ship Date]]-orders[[#This Row],[Order Date]] -> 6 | N39: =WEEKNUM(orders[[#This Row],[Order Date]]) -> 1 | O39: {=_xlfn.IFS(orders[[#This Row],[Customer Gender]]="M","Male", orders[[#This Row],[Customer Gender]]="F","Female", orders[[#This Row],[Customer Gender]]="O","Other", TRUE,"Unknown")} -> Male
A40: TX500039 | B40: Bikinis | C40: 1 | D40: 26.5 | E40: 26.5 | F40: 45659 | G40: 45660 | H40: M | I40: Target.com | J40: 4 | K40: California | L40: Los Angeles County | M40: =orders[[#This Row],[Ship Date]]-orders[[#This Row],[Order Date]] -> 1 | N40: =WEEKNUM(orders[[#This Row],[Order Date]]) -> 1 | O40: {=_xlfn.IFS(orders[[#This Row],[Customer Gender]]="M","Male", orders[[#This Row],[Customer Gender]]="F","Female", orders[[#This Row],[Customer Gender]]="O","Other", TRUE,"Unknown")} -> Male
A41: TX500040 | B41: Sandals | C41: 1 | D41: 43.1 | E41: 43.1 | F41: 45659 | G41: 45660 | H41: F | I41: Target.com | J41: 3 | K41: California | L41: Los Angeles County | M41: =orders[[#This Row],[Ship Date]]-orders[[#This Row],[Order Date]] -> 1 | N41: =WEEKNUM(orders[[#This Row],[Order Date]]) -> 1 | O41: {=_xlfn.IFS(orders[[#This Row],[Customer Gender]]="M","Male", orders[[#This Row],[Customer Gender]]="F","Female", orders[[#This Row],[Customer Gender]]="O","Other", TRUE,"Unknown")} -> Female
A42: TX500041 | B42: Tank Tops | C42: 3 | D42: 139 | E42: 417 | F42: 45659 | G42: 45660 | H42: F | I42: Partner App | J42: 5 | K42: California | L42: Los Angeles County | M42: =orders[[#This Row],[Ship Date]]-orders[[#This Row],[Order Date]] -> 1 | N42: =WEEKNUM(orders[[#This Row],[Order Date]]) -> 1 | O42: {=_xlfn.IFS(orders[[#This Row],[Customer Gender]]="M","Male", orders[[#This Row],[Customer Gender]]="F","Female", orders[[#This Row],[Customer Gender]]="O","Other", TRUE,"Unknown")} -> Female
... A91: TX500090 | B91: Sneakers | C91: 1 | D91: 97.7 | E91: 97.7 | F91: 45661 | G91: 45664 | H91: F | I91: Website | J91: 4 | K91: California | L91: Los Angeles County | M91: =orders[[#This Row],[Ship Date]]-orders[[#This Row],[Order Date]] -> 3 | N91: =WEEKNUM(orders[[#This Row],[Order Date]]) -> 1 | O91: {=_xlfn.IFS(orders[[#This Row],[Customer Gender]]="M","Male", orders[[#This Row],[Customer Gender]]="F","Female", orders[[#This Row],[Customer Gender]]="O","Other", TRUE,"Unknown")} -> Female
A92: TX500091 | B92: Sundresses | C92: 5 | D92: 54.7 | E92: 273.5 | F92: 45661 | G92: 45664 | I92: App | J92: 5 | K92: California | L92: Riverside County | M92: =orders[[#This Row],[Ship Date]]-orders[[#This Row],[Order Date]] -> 3 | N92: =WEEKNUM(orders[[#This Row],[Order Date]]) -> 1 | O92: {=_xlfn.IFS(orders[[#This Row],[Customer Gender]]="M","Male", orders[[#This Row],[Customer Gender]]="F","Female", orders[[#This Row],[Customer Gender]]="O","Other", TRUE,"Unknown")} -> Unknown
A93: TX500092 | B93: Sneakers | C93: 6 | D93: 130.5 | E93: 783 | F93: 45661 | G93: 45663 | H93: F | I93: App | J93: 3 | K93: California | L93: Riverside County | M93: =orders[[#This Row],[Ship Date]]-orders[[#This Row],[Order Date]] -> 2 | N93: =WEEKNUM(orders[[#This Row],[Order Date]]) -> 1 | O93: {=_xlfn.IFS(orders[[#This Row],[Customer Gender]]="M","Male", orders[[#This Row],[Customer Gender]]="F","Female", orders[[#This Row],[Customer Gender]]="O","Other", TRUE,"Unknown")} -> Female
A94: TX500093 | B94: Maxi Dresses | C94: 2 | D94: 50.4 | E94: 100.8 | F94: 45661 | G94: 45663 | H94: M | I94: Target.com | J94: 5 | K94: California | L94: Sacramento County | M94: =orders[[#This Row],[Ship Date]]-orders[[#This Row],[Order Date]] -> 2 | N94: =WEEKNUM(orders[[#This Row],[Order Date]]) -> 1 | O94: {=_xlfn.IFS(orders[[#This Row],[Customer Gender]]="M","Male", orders[[#This Row],[Customer Gender]]="F","Female", orders[[#This Row],[Customer Gender]]="O","Other", TRUE,"Unknown")} -> Male
A95: TX500094 | B95: Jeans | C95: 13 | D95: 61.5 | E95: 799.5 | F95: 45661 | G95: 45662 | I95: Instagram | J95: 3 | K95: California | L95: Santa Clara County | M95: =orders[[#This Row],[Ship Date]]-orders[[#This Row],[Order Date]] -> 1 | N95: =WEEKNUM(orders[[#This Row],[Order Date]]) -> 1 | O95: {=_xlfn.IFS(orders[[#This Row],[Customer Gender]]="M","Male", orders[[#This Row],[Customer Gender]]="F","Female", orders[[#This Row],[Customer Gender]]="O","Other", TRUE,"Unknown")} -> Unknown
A96: TX500095 | B96: Sundresses | C96: 4 | D96: 30.1 | E96: 120.4 | F96: 45661 | G96: 45662 | H96: F | I96: App | J96: 5 | K96: California | L96: Alameda County | M96: =orders[[#This Row],[Ship Date]]-orders[[#This Row],[Order Date]] -> 1 | N96: =WEEKNUM(orders[[#This Row],[Order Date]]) -> 1 | O96: {=_xlfn.IFS(orders[[#This Row],[Customer Gender]]="M","Male", orders[[#This Row],[Customer Gender]]="F","Female", orders[[#This Row],[Customer Gender]]="O","Other", TRUE,"Unknown")} -> Female
A97: TX500096 | B97: Sneakers | C97: 5 | D97: 74.8 | E97: 374 | F97: 45661 | G97: 45662 | H97: F | I97: Website | J97: 4 | K97: California | L97: Contra Costa County | M97: =orders[[#This Row],[Ship Date]]-orders[[#This Row],[Order Date]] -> 1 | N97: =WEEKNUM(orders[[#This Row],[Order Date]]) -> 1 | O97: {=_xlfn.IFS(orders[[#This Row],[Customer Gender]]="M","Male", orders[[#This Row],[Customer Gender]]="F","Female", orders[[#This Row],[Customer Gender]]="O","Other", TRUE,"Unknown")} -> Female
A98: TX500097 | B98: Sunglasses | C98: 3 | D98: 64.9 | E98: 194.7 | F98: 45661 | G98: 45668 | H98: M | I98: App | J98: 4 | K98: California | L98: Fresno County | M98: =orders[[#This Row],[Ship Date]]-orders[[#This Row],[Order Date]] -> 7 | N98: =WEEKNUM(orders[[#This Row],[Order Date]]) -> 1 | O98: {=_xlfn.IFS(orders[[#This Row],[Customer Gender]]="M","Male", orders[[#This Row],[Customer Gender]]="F","Female", orders[[#This Row],[Customer Gender]]="O","Other", TRUE,"Unknown")} -> Male
A99: TX500098 | B99: Sundresses | C99: 2 | D99: 50.5 | E99: 101 | F99: 45661 | G99: 45663 | H99: M | I99: Website | J99: 4 | K99: California | L99: Kern County | M99: =orders[[#This Row],[Ship Date]]-orders[[#This Row],[Order Date]] -> 2 | N99: =WEEKNUM(orders[[#This Row],[Order Date]]) -> 1 | O99: {=_xlfn.IFS(orders[[#This Row],[Customer Gender]]="M","Male", orders[[#This Row],[Customer Gender]]="F","Female", orders[[#This Row],[Customer Gender]]="O","Other", TRUE,"Unknown")} -> Male
A100: TX500099 | B100: Maxi Dresses | C100: 7 | D100: 63 | E100: 441 | F100: 45661 | G100: 45664 | H100: M | I100: Instagram | J100: 5 | K100: California | L100: Los Angeles County | M100: =orders[[#This Row],[Ship Date]]-orders[[#This Row],[Order Date]] -> 3 | N100: =WEEKNUM(orders[[#This Row],[Order Date]]) -> 1 | O100: {=_xlfn.IFS(orders[[#This Row],[Customer Gender]]="M","Male", orders[[#This Row],[Customer Gender]]="F","Female", orders[[#This Row],[Customer Gender]]="O","Other", TRUE,"Unknown")} -> Male
A101: TX500100 | B101: Sneakers | C101: 3 | D101: 93.6 | E101: 280.8 | F101: 45661 | G101: 45674 | H101: F | I101: App | J101: 5 | K101: California | L101: Los Angeles County | M101: =orders[[#This Row],[Ship Date]]-orders[[#This Row],[Order Date]] -> 13 | N101: =WEEKNUM(orders[[#This Row],[Order Date]]) -> 1 | O101: {=_xlfn.IFS(orders[[#This Row],[Customer Gender]]="M","Male", orders[[#This Row],[Customer Gender]]="F","Female", orders[[#This Row],[Customer Gender]]="O","Other", TRUE,"Unknown")} -> Female
A102: TX500101 | B102: Sandals | C102: 30 | D102: 41.4 | E102: 1242 | F102: 45661 | G102: 45665 | H102: M | I102: Target.com | J102: 5 | K102: California | L102: Los Angeles County | M102: =orders[[#This Row],[Ship Date]]-orders[[#This Row],[Order Date]] -> 4 | N102: =WEEKNUM(orders[[#This Row],[Order Date]]) -> 1 | O102: {=_xlfn.IFS(orders[[#This Row],[Customer Gender]]="M","Male", orders[[#This Row],[Customer Gender]]="F","Female", orders[[#This Row],[Customer Gender]]="O","Other", TRUE,"Unknown")} -> Male
A103: TX500102 | B103: Sneakers | C103: 2 | D103: 160 | E103: 320 | F103: 45662 | G103: 45663 | H103: M | I103: Target.com | J103: 5 | K103: California | L103: Placer County | M103: =orders[[#This Row],[Ship Date]]-orders[[#This Row],[Order Date]] -> 1 | N103: =WEEKNUM(orders[[#This Row],[Order Date]]) -> 2 | O103: {=_xlfn.IFS(orders[[#This Row],[Customer Gender]]="M","Male", orders[[#This Row],[Customer Gender]]="F","Female", orders[[#This Row],[Customer Gender]]="O","Other", TRUE,"Unknown")} -> Male
A104: TX500103 | B104: Jewelry | C104: 11 | D104: 10.5 | E104: 115.5 | F104: 45662 | G104: 45665 | H104: F | I104: Partner App | J104: 4 | K104: California | L104: San Diego County | M104: =orders[[#This Row],[Ship Date]]-orders[[#This Row],[Order Date]] -> 3 | N104: =WEEKNUM(orders[[#This Row],[Order Date]]) -> 2 | O104: {=_xlfn.IFS(orders[[#This Row],[Customer Gender]]="M","Male", orders[[#This Row],[Customer Gender]]="F","Female", orders[[#This Row],[Customer Gender]]="O","Other", TRUE,"Unknown")} -> Female
A105: TX500104 | B105: Bikinis | C105: 2 | D105: 53 | E105: 106 | F105: 45662 | G105: 45662 | H105: M | I105: Target.com | J105: 2 | K105: California | L105: San Francisco | M105: =orders[[#This Row],[Ship Date]]-orders[[#This Row],[Order Date]] -> 0 | N105: =WEEKNUM(orders[[#This Row],[Order Date]]) -> 2 | O105: {=_xlfn.IFS(orders[[#This Row],[Customer Gender]]="M","Male", orders[[#This Row],[Customer Gender]]="F","Female", orders[[#This Row],[Customer Gender]]="O","Other", TRUE,"Unknown")} -> Male
A106: TX500105 | B106: T-Shirts | C106: 3 | D106: 18.5 | E106: 55.5 | F106: 45662 | G106: 45667 | H106: F | I106: Website | J106: 5 | K106: California | L106: Santa Clara County | M106: =orders[[#This Row],[Ship Date]]-orders[[#This Row],[Order Date]] -> 5 | N106: =WEEKNUM(orders[[#This Row],[Order Date]]) -> 2 | O106: {=_xlfn.IFS(orders[[#This Row],[Customer Gender]]="M","Male", orders[[#This Row],[Customer Gender]]="F","Female", orders[[#This Row],[Customer Gender]]="O","Other", TRUE,"Unknown")} -> Female
A107: TX500106 | B107: Sunglasses | C107: 3 | D107: 84.5 | E107: 253.5 | F107: 45662 | G107: 45664 | H107: F | I107: Partner App | J107: 3 | K107: California | L107: Ventura County | M107: =orders[[#This Row],[Ship Date]]-orders[[#This Row],[Order Date]] -> 2 | N107: =WEEKNUM(orders[[#This Row],[Order Date]]) -> 2 | O107: {=_xlfn.IFS(orders[[#This Row],[Customer Gender]]="M","Male", orders[[#This Row],[Customer Gender]]="F","Female", orders[[#This Row],[Customer Gender]]="O","Other", TRUE,"Unknown")} -> Female
... A121: TX500120 | B121: Tank Tops | C121: 3 | D121: 73 | E121: 219 | F121: 45662 | G121: 45663 | H121: F | I121: Instagram | J121: 3 | K121: California | L121: Sacramento County | M121: =orders[[#This Row],[Ship Date]]-orders[[#This Row],[Order Date]] -> 1 | N121: =WEEKNUM(orders[[#This Row],[Order Date]]) -> 2 | O121: {=_xlfn.IFS(orders[[#This Row],[Customer Gender]]="M","Male", orders[[#This Row],[Customer Gender]]="F","Female", orders[[#This Row],[Customer Gender]]="O","Other", TRUE,"Unknown")} -> Female
A122: TX500121 | B122: Jeans | C122: 3 | D122: 44.3 | E122: 132.9 | F122: 45662 | G122: 45666 | I122: Target.com | J122: 5 | K122: California | L122: Sacramento County | M122: =orders[[#This Row],[Ship Date]]-orders[[#This Row],[Order Date]] -> 4 | N122: =WEEKNUM(orders[[#This Row],[Order Date]]) -> 2 | O122: {=_xlfn.IFS(orders[[#This Row],[Customer Gender]]="M","Male", orders[[#This Row],[Customer Gender]]="F","Female", orders[[#This Row],[Customer Gender]]="O","Other", TRUE,"Unknown")} -> Unknown
A123: TX500122 | B123: Jeans | C123: 3 | D123: 63.3 | E123: 189.9 | F123: 45662 | G123: 45663 | H123: M | I123: Target.com | J123: 4 | K123: California | L123: Sacramento County | M123: =orders[[#This Row],[Ship Date]]-orders[[#This Row],[Order Date]] -> 1 | N123: =WEEKNUM(orders[[#This Row],[Order Date]]) -> 2 | O123: {=_xlfn.IFS(orders[[#This Row],[Customer Gender]]="M","Male", orders[[#This Row],[Customer Gender]]="F","Female", orders[[#This Row],[Customer Gender]]="O","Other", TRUE,"Unknown")} -> Male
A124: TX500123 | B124: Casual Dresses | C124: 1 | D124: 66.8 | E124: 66.8 | F124: 45662 | G124: 45663 | H124: F | I124: Website | J124: 4 | K124: California | L124: Sacramento County | M124: =orders[[#This Row],[Ship Date]]-orders[[#This Row],[Order Date]] -> 1 | N124: =WEEKNUM(orders[[#This Row],[Order Date]]) -> 2 | O124: {=_xlfn.IFS(orders[[#This Row],[Customer Gender]]="M","Male", orders[[#This Row],[Customer Gender]]="F","Female", orders[[#This Row],[Customer Gender]]="O","Other", TRUE,"Unknown")} -> Female
A125: TX500124 | B125: Sneakers | C125: 2 | D125: 59.7 | E125: 119.4 | F125: 45662 | G125: 45663 | H125: F | I125: App | J125: 4 | K125: California | L125: San Bernardino County | M125: =orders[[#This Row],[Ship Date]]-orders[[#This Row],[Order Date]] -> 1 | N125: =WEEKNUM(orders[[#This Row],[Order Date]]) -> 2 | O125: {=_xlfn.IFS(orders[[#This Row],[Customer Gender]]="M","Male", orders[[#This Row],[Customer Gender]]="F","Female", orders[[#This Row],[Customer Gender]]="O","Other", TRUE,"Unknown")} -> Female
A126: TX500125 | B126: Tank Tops | C126: 6 | D126: 92 | E126: 552 | F126: 45662 | G126: 45664 | H126: M | I126: App | J126: 2 | K126: California | L126: San Bernardino County | M126: =orders[[#This Row],[Ship Date]]-orders[[#This Row],[Order Date]] -> 2 | N126: =WEEKNUM(orders[[#This Row],[Order Date]]) -> 2 | O126: {=_xlfn.IFS(orders[[#This Row],[Customer Gender]]="M","Male", orders[[#This Row],[Customer Gender]]="F","Female", orders[[#This Row],[Customer Gender]]="O","Other", TRUE,"Unknown")} -> Male
A127: TX500126 | B127: Hoodies & Sweatshirts | C127: 2 | D127: 87.6 | E127: 175.2 | F127: 45662 | G127: 45664 | H127: M | I127: Website | J127: 3 | K127: California | L127: San Diego County | M127: =orders[[#This Row],[Ship Date]]-orders[[#This Row],[Order Date]] -> 2 | N127: =WEEKNUM(orders[[#This Row],[Order Date]]) -> 2 | O127: {=_xlfn.IFS(orders[[#This Row],[Customer Gender]]="M","Male", orders[[#This Row],[Customer Gender]]="F","Female", orders[[#This Row],[Customer Gender]]="O","Other", TRUE,"Unknown")} -> Male
A128: TX500127 | B128: Jeans | C128: 3 | D128: 84.5 | E128: 253.5 | F128: 45662 | G128: 45663 | H128: F | I128: Website | J128: 3 | K128: California | L128: San Diego County | M128: =orders[[#This Row],[Ship Date]]-orders[[#This Row],[Order Date]] -> 1 | N128: =WEEKNUM(orders[[#This Row],[Order Date]]) -> 2 | O128: {=_xlfn.IFS(orders[[#This Row],[Customer Gender]]="M","Male", orders[[#This Row],[Customer Gender]]="F","Female", orders[[#This Row],[Customer Gender]]="O","Other", TRUE,"Unknown")} -> Female
A129: TX500128 | B129: Tank Tops | C129: 2 | D129: 116.3 | E129: 232.6 | F129: 45663 | G129: 45665 | H129: M | I129: Target.com | J129: 5 | K129: California | L129: San Diego County | M129: =orders[[#This Row],[Ship Date]]-orders[[#This Row],[Order Date]] -> 2 | N129: =WEEKNUM(orders[[#This Row],[Order Date]]) -> 2 | O129: {=_xlfn.IFS(orders[[#This Row],[Customer Gender]]="M","Male", orders[[#This Row],[Customer Gender]]="F","Female", orders[[#This Row],[Customer Gender]]="O","Other", TRUE,"Unknown")} -> Male
A130: TX500129 | B130: Jeans | C130: 5 | D130: 52.7 | E130: 263.5 | F130: 45663 | G130: 45667 | H130: M | I130: App | J130: 4 | K130: California | L130: San Diego County | M130: =orders[[#This Row],[Ship Date]]-orders[[#This Row],[Order Date]] -> 4 | N130: =WEEKNUM(orders[[#This Row],[Order Date]]) -> 2 | O130: {=_xlfn.IFS(orders[[#This Row],[Customer Gender]]="M","Male", orders[[#This Row],[Customer Gender]]="F","Female", orders[[#This Row],[Customer Gender]]="O","Other", TRUE,"Unknown")} -> Male
A131: TX500130 | B131: Sunglasses | C131: 3 | D131: 34.2 | E131: 102.6 | F131: 45663 | G131: 45664 | H131: M | I131: App | J131: 5 | K131: California | L131: San Joaquin County | M131: =orders[[#This Row],[Ship Date]]-orders[[#This Row],[Order Date]] -> 1 | N131: =WEEKNUM(orders[[#This Row],[Order Date]]) -> 2 | O131: {=_xlfn.IFS(orders[[#This Row],[Customer Gender]]="M","Male", orders[[#This Row],[Customer Gender]]="F","Female", orders[[#This Row],[Customer Gender]]="O","Other", TRUE,"Unknown")} -> Male
A132: TX500131 | B132: Sundresses | C132: 1 | D132: 23.3 | E132: 23.3 | F132: 45663 | G132: 45672 | H132: O | I132: Target.com | J132: 5 | K132: California | L132: San Mateo County | M132: =orders[[#This Row],[Ship Date]]-orders[[#This Row],[Order Date]] -> 9 | N132: =WEEKNUM(orders[[#This Row],[Order Date]]) -> 2 | O132: {=_xlfn.IFS(orders[[#This Row],[Customer Gender]]="M","Male", orders[[#This Row],[Customer Gender]]="F","Female", orders[[#This Row],[Customer Gender]]="O","Other", TRUE,"Unknown")} -> Other
A133: TX500132 | B133: Shorts | C133: 26 | D133: 25.9 | E133: 673.4 | F133: 45663 | G133: 45666 | H133: F | I133: Partner App | J133: 3 | K133: California | L133: San Mateo County | M133: =orders[[#This Row],[Ship Date]]-orders[[#This Row],[Order Date]] -> 3 | N133: =WEEKNUM(orders[[#This Row],[Order Date]]) -> 2 | O133: {=_xlfn.IFS(orders[[#This Row],[Customer Gender]]="M","Male", orders[[#This Row],[Customer Gender]]="F","Female", orders[[#This Row],[Customer Gender]]="O","Other", TRUE,"Unknown")} -> Female
A134: TX500133 | B134: Jeans | C134: 29 | D134: 54.9 | E134: 1592.1 | F134: 45663 | G134: 45664 | H134: M | I134: Website | J134: 5 | K134: California | L134: San Mateo County | M134: =orders[[#This Row],[Ship Date]]-orders[[#This Row],[Order Date]] -> 1 | N134: =WEEKNUM(orders[[#This Row],[Order Date]]) -> 2 | O134: {=_xlfn.IFS(orders[[#This Row],[Customer Gender]]="M","Male", orders[[#This Row],[Customer Gender]]="F","Female", orders[[#This Row],[Customer Gender]]="O","Other", TRUE,"Unknown")} -> Male
... A142: TX500141 | B142: Sneakers | C142: 6 | D142: 139.6 | E142: 837.6 | F142: 45663 | G142: 45666 | H142: M | I142: App | J142: 4 | K142: California | L142: Los Angeles County | M142: =orders[[#This Row],[Ship Date]]-orders[[#This Row],[Order Date]] -> 3 | N142: =WEEKNUM(orders[[#This Row],[Order Date]]) -> 2 | O142: {=_xlfn.IFS(orders[[#This Row],[Customer Gender]]="M","Male", orders[[#This Row],[Customer Gender]]="F","Female", orders[[#This Row],[Customer Gender]]="O","Other", TRUE,"Unknown")} -> Male
A143: TX500142 | B143: Sundresses | C143: 1 | D143: 31.7 | E143: 31.7 | F143: 45663 | G143: 45663 | I143: App | J143: 4 | K143: California | L143: Los Angeles County | M143: =orders[[#This Row],[Ship Date]]-orders[[#This Row],[Order Date]] -> 0 | N143: =WEEKNUM(orders[[#This Row],[Order Date]]) -> 2 | O143: {=_xlfn.IFS(orders[[#This Row],[Customer Gender]]="M","Male", orders[[#This Row],[Customer Gender]]="F","Female", orders[[#This Row],[Customer Gender]]="O","Other", TRUE,"Unknown")} -> Unknown
A144: TX500143 | B144: T-Shirts | C144: 8 | D144: 26.3 | E144: 210.4 | F144: 45663 | G144: 45666 | H144: F | I144: Partner App | J144: 2 | K144: California | L144: Los Angeles County | M144: =orders[[#This Row],[Ship Date]]-orders[[#This Row],[Order Date]] -> 3 | N144: =WEEKNUM(orders[[#This Row],[Order Date]]) -> 2 | O144: {=_xlfn.IFS(orders[[#This Row],[Customer Gender]]="M","Male", orders[[#This Row],[Customer Gender]]="F","Female", orders[[#This Row],[Customer Gender]]="O","Other", TRUE,"Unknown")} -> Female
A145: TX500144 | B145: Graphic Tees | C145: 2 | D145: 47.8 | E145: 95.6 | F145: 45663 | G145: 45664 | I145: App | J145: 4 | K145: California | L145: Los Angeles County | M145: =orders[[#This Row],[Ship Date]]-orders[[#This Row],[Order Date]] -> 1 | N145: =WEEKNUM(orders[[#This Row],[Order Date]]) -> 2 | O145: {=_xlfn.IFS(orders[[#This Row],[Customer Gender]]="M","Male", orders[[#This Row],[Customer Gender]]="F","Female", orders[[#This Row],[Customer Gender]]="O","Other", TRUE,"Unknown")} -> Unknown
A146: TX500145 | B146: Sundresses | C146: 3 | D146: 69.4 | E146: 208.2 | F146: 45663 | G146: 45667 | H146: F | I146: App | J146: 4 | K146: California | L146: Los Angeles County | M146: =orders[[#This Row],[Ship Date]]-orders[[#This Row],[Order Date]] -> 4 | N146: =WEEKNUM(orders[[#This Row],[Order Date]]) -> 2 | O146: {=_xlfn.IFS(orders[[#This Row],[Customer Gender]]="M","Male", orders[[#This Row],[Customer Gender]]="F","Female", orders[[#This Row],[Customer Gender]]="O","Other", TRUE,"Unknown")} -> Female
A147: TX500146 | B147: Leggings | C147: 12 | D147: 25.8 | E147: 309.6 | F147: 45663 | G147: 45664 | H147: M | I147: Partner App | J147: 2 | K147: California | L147: Los Angeles County | M147: =orders[[#This Row],[Ship Date]]-orders[[#This Row],[Order Date]] -> 1 | N147: =WEEKNUM(orders[[#This Row],[Order Date]]) -> 2 | O147: {=_xlfn.IFS(orders[[#This Row],[Customer Gender]]="M","Male", orders[[#This Row],[Customer Gender]]="F","Female", orders[[#This Row],[Customer Gender]]="O","Other", TRUE,"Unknown")} -> Male
A148: TX500147 | B148: Shorts | C148: 4 | D148: 26.4 | E148: 105.6 | F148: 45663 | G148: 45664 | H148: M | I148: Website | J148: 5 | K148: California | L148: Los Angeles County | M148: =orders[[#This Row],[Ship Date]]-orders[[#This Row],[Order Date]] -> 1 | N148: =WEEKNUM(orders[[#This Row],[Order Date]]) -> 2 | O148: {=_xlfn.IFS(orders[[#This Row],[Customer Gender]]="M","Male", orders[[#This Row],[Customer Gender]]="F","Female", orders[[#This Row],[Customer Gender]]="O","Other", TRUE,"Unknown")} -> Male
A149: TX500148 | B149: T-Shirts | C149: 4 | D149: 15.7 | E149: 62.8 | F149: 45663 | G149: 45664 | H149: M | I149: Target.com | J149: 4 | K149: California | L149: Los Angeles County | M149: =orders[[#This Row],[Ship Date]]-orders[[#This Row],[Order Date]] -> 1 | N149: =WEEKNUM(orders[[#This Row],[Order Date]]) -> 2 | O149: {=_xlfn.IFS(orders[[#This Row],[Customer Gender]]="M","Male", orders[[#This Row],[Customer Gender]]="F","Female", orders[[#This Row],[Customer Gender]]="O","Other", TRUE,"Unknown")} -> Male
A150: TX500149 | B150: T-Shirts | C150: 1 | D150: 39.7 | E150: 39.7 | F150: 45663 | G150: 45667 | H150: M | I150: App | J150: 4 | K150: California | L150: Los Angeles County | M150: =orders[[#This Row],[Ship Date]]-orders[[#This Row],[Order Date]] -> 4 | N150: =WEEKNUM(orders[[#This Row],[Order Date]]) -> 2 | O150: {=_xlfn.IFS(orders[[#This Row],[Customer Gender]]="M","Male", orders[[#This Row],[Customer Gender]]="F","Female", orders[[#This Row],[Customer Gender]]="O","Other", TRUE,"Unknown")} -> Male
A151: TX500150 | B151: Bikinis | C151: 4 | D151: 31.1 | E151: 124.4 | F151: 45663 | G151: 45665 | H151: F | I151: Target.com | J151: 3 | K151: California | L151: Los Angeles County | M151: =orders[[#This Row],[Ship Date]]-orders[[#This Row],[Order Date]] -> 2 | N151: =WEEKNUM(orders[[#This Row],[Order Date]]) -> 2 | O151: {=_xlfn.IFS(orders[[#This Row],[Customer Gender]]="M","Male", orders[[#This Row],[Customer Gender]]="F","Female", orders[[#This Row],[Customer Gender]]="O","Other", TRUE,"Unknown")} -> Female
A152: TX500151 | B152: Tote Bags | C152: 15 | D152: 23.4 | E152: 351 | F152: 45663 | G152: 45672 | H152: M | I152: App | J152: 4 | K152: California | L152: Los Angeles County | M152: =orders[[#This Row],[Ship Date]]-orders[[#This Row],[Order Date]] -> 9 | N152: =WEEKNUM(orders[[#This Row],[Order Date]]) -> 2 | O152: {=_xlfn.IFS(orders[[#This Row],[Customer Gender]]="M","Male", orders[[#This Row],[Customer Gender]]="F","Female", orders[[#This Row],[Customer Gender]]="O","Other", TRUE,"Unknown")} -> Male
A153: TX500152 | B153: Tank Tops | C153: 4 | D153: 57.1 | E153: 228.4 | F153: 45664 | G153: 45665 | H153: M | I153: Target.com | J153: 4 | K153: California | L153: Orange County | M153: =orders[[#This Row],[Ship Date]]-orders[[#This Row],[Order Date]] -> 1 | N153: =WEEKNUM(orders[[#This Row],[Order Date]]) -> 2 | O153: {=_xlfn.IFS(orders[[#This Row],[Customer Gender]]="M","Male", orders[[#This Row],[Customer Gender]]="F","Female", orders[[#This Row],[Customer Gender]]="O","Other", TRUE,"Unknown")} -> Male
A154: TX500153 | B154: Sneakers | C154: 5 | D154: 89.9 | E154: 449.5 | F154: 45664 | G154: 45664 | H154: F | I154: App | J154: 1 | K154: California | L154: Riverside County | M154: =orders[[#This Row],[Ship Date]]-orders[[#This Row],[Order Date]] -> 0 | N154: =WEEKNUM(orders[[#This Row],[Order Date]]) -> 2 | O154: {=_xlfn.IFS(orders[[#This Row],[Customer Gender]]="M","Male", orders[[#This Row],[Customer Gender]]="F","Female", orders[[#This Row],[Customer Gender]]="O","Other", TRUE,"Unknown")} -> Female
A155: TX500154 | B155: Bikinis | C155: 7 | D155: 48.1 | E155: 336.7 | F155: 45664 | G155: 45666 | H155: F | I155: Website | J155: 5 | K155: California | L155: Sacramento County | M155: =orders[[#This Row],[Ship Date]]-orders[[#This Row],[Order Date]] -> 2 | N155: =WEEKNUM(orders[[#This Row],[Order Date]]) -> 2 | O155: {=_xlfn.IFS(orders[[#This Row],[Customer Gender]]="M","Male", orders[[#This Row],[Customer Gender]]="F","Female", orders[[#This Row],[Customer Gender]]="O","Other", TRUE,"Unknown")} -> Female
A156: TX500155 | B156: T-Shirts | C156: 2 | D156: 29.3 | E156: 58.6 | F156: 45664 | G156: 45664 | H156: F | I156: Website | J156: 3 | K156: California | L156: Sacramento County | M156: =orders[[#This Row],[Ship Date]]-orders[[#This Row],[Order Date]] -> 0 | N156: =WEEKNUM(orders[[#This Row],[Order Date]]) -> 2 | O156: {=_xlfn.IFS(orders[[#This Row],[Customer Gender]]="M","Male", orders[[#This Row],[Customer Gender]]="F","Female", orders[[#This Row],[Customer Gender]]="O","Other", TRUE,"Unknown")} -> Female
A157: TX500156 | B157: T-Shirts | C157: 4 | D157: 28.8 | E157: 115.2 | F157: 45664 | G157: 45665 | H157: F | I157: App | J157: 2 | K157: California | L157: Sacramento County | M157: =orders[[#This Row],[Ship Date]]-orders[[#This Row],[Order Date]] -> 1 | N157: =WEEKNUM(orders[[#This Row],[Order Date]]) -> 2 | O157: {=_xlfn.IFS(orders[[#This Row],[Customer Gender]]="M","Male", orders[[#This Row],[Customer Gender]]="F","Female", orders[[#This Row],[Customer Gender]]="O","Other", TRUE,"Unknown")} -> Female
... A163: TX500162 | B163: Sneakers | C163: 4 | D163: 122.5 | E163: 490 | F163: 45664 | G163: 45665 | H163: M | I163: App | J163: 4 | K163: California | L163: San Diego County | M163: =orders[[#This Row],[Ship Date]]-orders[[#This Row],[Order Date]] -> 1 | N163: =WEEKNUM(orders[[#This Row],[Order Date]]) -> 2 | O163: {=_xlfn.IFS(orders[[#This Row],[Customer Gender]]="M","Male", orders[[#This Row],[Customer Gender]]="F","Female", orders[[#This Row],[Customer Gender]]="O","Other", TRUE,"Unknown")} -> Male
A164: TX500163 | B164: Shorts | C164: 9 | D164: 12.5 | E164: 112.5 | F164: 45664 | G164: 45665 | I164: Website | J164: 5 | K164: California | L164: San Diego County | M164: =orders[[#This Row],[Ship Date]]-orders[[#This Row],[Order Date]] -> 1 | N164: =WEEKNUM(orders[[#This Row],[Order Date]]) -> 2 | O164: {=_xlfn.IFS(orders[[#This Row],[Customer Gender]]="M","Male", orders[[#This Row],[Customer Gender]]="F","Female", orders[[#This Row],[Customer Gender]]="O","Other", TRUE,"Unknown")} -> Unknown
A165: TX500164 | B165: Crop Tops | C165: 8 | D165: 37.5 | E165: 300 | F165: 45664 | G165: 45665 | H165: F | I165: App | J165: 4 | K165: California | L165: San Mateo County | M165: =orders[[#This Row],[Ship Date]]-orders[[#This Row],[Order Date]] -> 1 | N165: =WEEKNUM(orders[[#This Row],[Order Date]]) -> 2 | O165: {=_xlfn.IFS(orders[[#This Row],[Customer Gender]]="M","Male", orders[[#This Row],[Customer Gender]]="F","Female", orders[[#This Row],[Customer Gender]]="O","Other", TRUE,"Unknown")} -> Female
A166: TX500165 | B166: Jeans | C166: 3 | D166: 40 | E166: 120 | F166: 45664 | G166: 45667 | H166: M | I166: App | J166: 2 | K166: California | L166: Santa Clara County | M166: =orders[[#This Row],[Ship Date]]-orders[[#This Row],[Order Date]] -> 3 | N166: =WEEKNUM(orders[[#This Row],[Order Date]]) -> 2 | O166: {=_xlfn.IFS(orders[[#This Row],[Customer Gender]]="M","Male", orders[[#This Row],[Customer Gender]]="F","Female", orders[[#This Row],[Customer Gender]]="O","Other", TRUE,"Unknown")} -> Male
A167: TX500166 | B167: Pajama Sets | C167: 8 | D167: 38.5 | E167: 308 | F167: 45664 | G167: 45669 | H167: F | I167: Target.com | J167: 3 | K167: California | L167: Santa Clara County | M167: =orders[[#This Row],[Ship Date]]-orders[[#This Row],[Order Date]] -> 5 | N167: =WEEKNUM(orders[[#This Row],[Order Date]]) -> 2 | O167: {=_xlfn.IFS(orders[[#This Row],[Customer Gender]]="M","Male", orders[[#This Row],[Customer Gender]]="F","Female", orders[[#This Row],[Customer Gender]]="O","Other", TRUE,"Unknown")} -> Female
A168: TX500167 | B168: Sneakers | C168: 2 | D168: 86.4 | E168: 172.8 | F168: 45664 | G168: 45666 | H168: F | I168: App | J168: 4 | K168: California | L168: Sonoma County | M168: =orders[[#This Row],[Ship Date]]-orders[[#This Row],[Order Date]] -> 2 | N168: =WEEKNUM(orders[[#This Row],[Order Date]]) -> 2 | O168: {=_xlfn.IFS(orders[[#This Row],[Customer Gender]]="M","Male", orders[[#This Row],[Customer Gender]]="F","Female", orders[[#This Row],[Customer Gender]]="O","Other", TRUE,"Unknown")} -> Female
A169: TX500168 | B169: Bikinis | C169: 1 | D169: 50.7 | E169: 50.7 | F169: 45664 | G169: 45668 | H169: F | I169: Website | J169: 4 | K169: California | L169: Sonoma County | M169: =orders[[#This Row],[Ship Date]]-orders[[#This Row],[Order Date]] -> 4 | N169: =WEEKNUM(orders[[#This Row],[Order Date]]) -> 2 | O169: {=_xlfn.IFS(orders[[#This Row],[Customer Gender]]="M","Male", orders[[#This Row],[Customer Gender]]="F","Female", orders[[#This Row],[Customer Gender]]="O","Other", TRUE,"Unknown")} -> Female
A170: TX500169 | B170: Bikinis | C170: 2 | D170: 61 | E170: 122 | F170: 45664 | G170: 45675 | H170: F | I170: Partner App | J170: 3 | K170: California | L170: Sonoma County | M170: =orders[[#This Row],[Ship Date]]-orders[[#This Row],[Order Date]] -> 11 | N170: =WEEKNUM(orders[[#This Row],[Order Date]]) -> 2 | O170: {=_xlfn.IFS(orders[[#This Row],[Customer Gender]]="M","Male", orders[[#This Row],[Customer Gender]]="F","Female", orders[[#This Row],[Customer Gender]]="O","Other", TRUE,"Unknown")} -> Female
A171: TX500170 | B171: Graphic Tees | C171: 2 | D171: 19.9 | E171: 39.8 | F171: 45664 | G171: 45667 | H171: F | I171: Website | J171: 4 | K171: California | L171: Yolo County | M171: =orders[[#This Row],[Ship Date]]-orders[[#This Row],[Order Date]] -> 3 | N171: =WEEKNUM(orders[[#This Row],[Order Date]]) -> 2 | O171: {=_xlfn.IFS(orders[[#This Row],[Customer Gender]]="M","Male", orders[[#This Row],[Customer Gender]]="F","Female", orders[[#This Row],[Customer Gender]]="O","Other", TRUE,"Unknown")} -> Female
A172: TX500171 | B172: Sandals | C172: 1 | D172: 78.3 | E172: 78.3 | F172: 45664 | G172: 45664 | H172: F | I172: App | J172: 5 | K172: California | L172: Contra Costa County | M172: =orders[[#This Row],[Ship Date]]-orders[[#This Row],[Order Date]] -> 0 | N172: =WEEKNUM(orders[[#This Row],[Order Date]]) -> 2 | O172: {=_xlfn.IFS(orders[[#This Row],[Customer Gender]]="M","Male", orders[[#This Row],[Customer Gender]]="F","Female", orders[[#This Row],[Customer Gender]]="O","Other", TRUE,"Unknown")} -> Female
A173: TX500172 | B173: Shorts | C173: 19 | D173: 10.4 | E173: 197.6 | F173: 45664 | G173: 45666 | H173: M | I173: App | J173: 5 | K173: California | L173: Fresno County | M173: =orders[[#This Row],[Ship Date]]-orders[[#This Row],[Order Date]] -> 2 | N173: =WEEKNUM(orders[[#This Row],[Order Date]]) -> 2 | O173: {=_xlfn.IFS(orders[[#This Row],[Customer Gender]]="M","Male", orders[[#This Row],[Customer Gender]]="F","Female", orders[[#This Row],[Customer Gender]]="O","Other", TRUE,"Unknown")} -> Male
A174: TX500173 | B174: Bikinis | C174: 1 | D174: 36.1 | E174: 36.1 | F174: 45664 | G174: 45667 | H174: M | I174: Instagram | J174: 5 | K174: California | L174: Los Angeles County | M174: =orders[[#This Row],[Ship Date]]-orders[[#This Row],[Order Date]] -> 3 | N174: =WEEKNUM(orders[[#This Row],[Order Date]]) -> 2 | O174: {=_xlfn.IFS(orders[[#This Row],[Customer Gender]]="M","Male", orders[[#This Row],[Customer Gender]]="F","Female", orders[[#This Row],[Customer Gender]]="O","Other", TRUE,"Unknown")} -> Male
A175: TX500174 | B175: Baseball Caps | C175: 2 | D175: 17.3 | E175: 34.6 | F175: 45664 | G175: 45666 | H175: F | I175: Website | J175: 5 | K175: California | L175: Los Angeles County | M175: =orders[[#This Row],[Ship Date]]-orders[[#This Row],[Order Date]] -> 2 | N175: =WEEKNUM(orders[[#This Row],[Order Date]]) -> 2 | O175: {=_xlfn.IFS(orders[[#This Row],[Customer Gender]]="M","Male", orders[[#This Row],[Customer Gender]]="F","Female", orders[[#This Row],[Customer Gender]]="O","Other", TRUE,"Unknown")} -> Female
A176: TX500175 | B176: Bikinis | C176: 2 | D176: 30.5 | E176: 61 | F176: 45664 | G176: 45665 | H176: F | I176: Website | J176: 5 | K176: California | L176: Los Angeles County | M176: =orders[[#This Row],[Ship Date]]-orders[[#This Row],[Order Date]] -> 1 | N176: =WEEKNUM(orders[[#This Row],[Order Date]]) -> 2 | O176: {=_xlfn.IFS(orders[[#This Row],[Customer Gender]]="M","Male", orders[[#This Row],[Customer Gender]]="F","Female", orders[[#This Row],[Customer Gender]]="O","Other", TRUE,"Unknown")} -> Female
... A180: TX500179 | B180: T-Shirts | C180: 5 | D180: 30.3 | E180: 151.5 | F180: 45664 | G180: 45669 | H180: F | I180: Partner App | J180: 4 | K180: California | L180: Los Angeles County | M180: =orders[[#This Row],[Ship Date]]-orders[[#This Row],[Order Date]] -> 5 | N180: =WEEKNUM(orders[[#This Row],[Order Date]]) -> 2 | O180: {=_xlfn.IFS(orders[[#This Row],[Customer Gender]]="M","Male", orders[[#This Row],[Customer Gender]]="F","Female", orders[[#This Row],[Customer Gender]]="O","Other", TRUE,"Unknown")} -> Female
A181: TX500180 | B181: Jeans | C181: 5 | D181: 52.5 | E181: 262.5 | F181: 45664 | G181: 45668 | I181: Instagram | J181: 4 | K181: California | L181: Los Angeles County | M181: =orders[[#This Row],[Ship Date]]-orders[[#This Row],[Order Date]] -> 4 | N181: =WEEKNUM(orders[[#This Row],[Order Date]]) -> 2 | O181: {=_xlfn.IFS(orders[[#This Row],[Customer Gender]]="M","Male", orders[[#This Row],[Customer Gender]]="F","Female", orders[[#This Row],[Customer Gender]]="O","Other", TRUE,"Unknown")} -> Unknown
A182: TX500181 | B182: Sundresses | C182: 11 | D182: 28.7 | E182: 315.7 | F182: 45664 | G182: 45665 | H182: F | I182: Target.com | J182: 4 | K182: California | L182: Los Angeles County | M182: =orders[[#This Row],[Ship Date]]-orders[[#This Row],[Order Date]] -> 1 | N182: =WEEKNUM(orders[[#This Row],[Order Date]]) -> 2 | O182: {=_xlfn.IFS(orders[[#This Row],[Customer Gender]]="M","Male", orders[[#This Row],[Customer Gender]]="F","Female", orders[[#This Row],[Customer Gender]]="O","Other", TRUE,"Unknown")} -> Female
A183: TX500182 | B183: Hoodies & Sweatshirts | C183: 7 | D183: 52 | E183: 364 | F183: 45664 | G183: 45665 | H183: M | I183: Website | J183: 2 | K183: California | L183: Los Angeles County | M183: =orders[[#This Row],[Ship Date]]-orders[[#This Row],[Order Date]] -> 1 | N183: =WEEKNUM(orders[[#This Row],[Order Date]]) -> 2 | O183: {=_xlfn.IFS(orders[[#This Row],[Customer Gender]]="M","Male", orders[[#This Row],[Customer Gender]]="F","Female", orders[[#This Row],[Customer Gender]]="O","Other", TRUE,"Unknown")} -> Male
A184: TX500183 | B184: Shorts | C184: 1 | D184: 13.3 | E184: 13.3 | F184: 45665 | G184: 45669 | H184: F | I184: Target.com | J184: 3 | K184: California | L184: Los Angeles County | M184: =orders[[#This Row],[Ship Date]]-orders[[#This Row],[Order Date]] -> 4 | N184: =WEEKNUM(orders[[#This Row],[Order Date]]) -> 2 | O184: {=_xlfn.IFS(orders[[#This Row],[Customer Gender]]="M","Male", orders[[#This Row],[Customer Gender]]="F","Female", orders[[#This Row],[Customer Gender]]="O","Other", TRUE,"Unknown")} -> Female
A185: TX500184 | B185: Shorts | C185: 3 | D185: 15.7 | E185: 47.1 | F185: 45665 | G185: 45666 | H185: F | I185: Website | J185: 4 | K185: California | L185: Mendocino County | M185: =orders[[#This Row],[Ship Date]]-orders[[#This Row],[Order Date]] -> 1 | N185: =WEEKNUM(orders[[#This Row],[Order Date]]) -> 2 | O185: {=_xlfn.IFS(orders[[#This Row],[Customer Gender]]="M","Male", orders[[#This Row],[Customer Gender]]="F","Female", orders[[#This Row],[Customer Gender]]="O","Other", TRUE,"Unknown")} -> Female
A186: TX500185 | B186: T-Shirts | C186: 2 | D186: 25.6 | E186: 51.2 | F186: 45665 | G186: 45666 | H186: M | I186: App | J186: 5 | K186: California | L186: Riverside County | M186: =orders[[#This Row],[Ship Date]]-orders[[#This Row],[Order Date]] -> 1 | N186: =WEEKNUM(orders[[#This Row],[Order Date]]) -> 2 | O186: {=_xlfn.IFS(orders[[#This Row],[Customer Gender]]="M","Male", orders[[#This Row],[Customer Gender]]="F","Female", orders[[#This Row],[Customer Gender]]="O","Other", TRUE,"Unknown")} -> Male
A187: TX500186 | B187: T-Shirts | C187: 1 | D187: 43.4 | E187: 43.4 | F187: 45665 | G187: 45670 | H187: M | I187: App | J187: 4 | K187: California | L187: Sacramento County | M187: =orders[[#This Row],[Ship Date]]-orders[[#This Row],[Order Date]] -> 5 | N187: =WEEKNUM(orders[[#This Row],[Order Date]]) -> 2 | O187: {=_xlfn.IFS(orders[[#This Row],[Customer Gender]]="M","Male", orders[[#This Row],[Customer Gender]]="F","Female", orders[[#This Row],[Customer Gender]]="O","Other", TRUE,"Unknown")} -> Male
A188: TX500187 | B188: Maxi Dresses | C188: 9 | D188: 33.4 | E188: 300.6 | F188: 45665 | G188: 45665 | H188: F | I188: App | J188: 4 | K188: California | L188: San Diego County | M188: =orders[[#This Row],[Ship Date]]-orders[[#This Row],[Order Date]] -> 0 | N188: =WEEKNUM(orders[[#This Row],[Order Date]]) -> 2 | O188: {=_xlfn.IFS(orders[[#This Row],[Customer Gender]]="M","Male", orders[[#This Row],[Customer Gender]]="F","Female", orders[[#This Row],[Customer Gender]]="O","Other", TRUE,"Unknown")} -> Female
A189: TX500188 | B189: T-Shirts | C189: 19 | D189: 55 | E189: 1045 | F189: 45665 | G189: 45666 | H189: F | I189: Website | J189: 5 | K189: California | L189: San Diego County | M189: =orders[[#This Row],[Ship Date]]-orders[[#This Row],[Order Date]] -> 1 | N189: =WEEKNUM(orders[[#This Row],[Order Date]]) -> 2 | O189: {=_xlfn.IFS(orders[[#This Row],[Customer Gender]]="M","Male", orders[[#This Row],[Customer Gender]]="F","Female", orders[[#This Row],[Customer Gender]]="O","Other", TRUE,"Unknown")} -> Female
...

Sheet Pivot
G2: Value For Display
A3: Count of TX ID | B3: Sum of Quantity | C3: Sum of Amount | D3: Average of Rating C | E3: Average of Days to Deliver | G3: Orders | H3: Qty | I3: Amount | J3: Avg Rating | K3: Avg Days
A4: 2400 | B4: 11997 | C4: 649019.8 | D4: 3.9620833 | E4: 2.3425 | G4: =TEXT(A4,"#,##") -> 2,400 | H4: =TEXT(B4,"#,##") -> 11,997 | I4: =TEXT(C4,"$#,##,.0k") -> $649.0k | J4: =TEXT(D4,"0.0") -> 4.0 | K4: =TEXT(E4,"0.0") -> 2.3
A7: Weeknum | B7: Sum of Quantity | C7: Sum of Amount
A8: 1 | B8: 546 | C8: 32413.3
A9: 2 | B9: 905 | C9: 49563
A10: 3 | B10: 796 | C10: 41700.4
A11: 4 | B11: 913 | C11: 46782.6
A12: 5 | B12: 844 | C12: 42676.1
A13: 6 | B13: 1202 | C13: 62910.7
A14: 7 | B14: 935 | C14: 50332.2
A15: 8 | B15: 1128 | C15: 58760.6
A16: 9 | B16: 1007 | C16: 52017.3
A17: 10 | B17: 1128 | C17: 64915.7
A18: 11 | B18: 861 | C18: 45943.8
A19: 12 | B19: 944 | C19: 55077.9
A20: 13 | B20: 788 | C20: 45926.2
A21: Grand Total | B21: 11997 | C21: 649019.8
A24: Sum of Amount | B24: Gender Value
A25: Order Mode | B25: Female | C25: Male | D25: Other | E25: Unknown | F25: Grand Total | I25: =$B$25 -> Female | J25: =$C$25 -> Male | K25: =$D$25 -> Other | L25: =$E$25 -> Unknown
A26: App | B26: 0.18961825 | C26: 0.12262322 | D26: 0.010605378 | E26: 0.030599221 | F26: 0.35344607 | H26: =$A$26 -> App | I26: =$B$26 -> 0.18961825 | J26: =$C$26 -> 0.12262322 | K26: =D26 -> 0.010605378 | L26: =E26 -> 0.030599221
A27: Instagram | B27: 0.050283982 | C27: 0.043060782 | D27: 0.0015320026 | E27: 0.017794989 | F27: 0.11267176 | H27: =$A$27 -> Instagram | I27: =$B$27 -> 0.050283982 | J27: =$C$27 -> 0.043060782 | K27: =D27 -> 0.0015320026 | L27: =E27 -> 0.017794989
A28: Partner App | B28: 0.06349606 | C28: 0.04607163 | D28: 0.0023062471 | E28: 0.0038927934 | F28: 0.11576673 | H28: =$A$28 -> Partner App | I28: =$B$28 -> 0.06349606 | J28: =$C$28 -> 0.04607163 | K28: =D28 -> 0.0023062471 | L28: =E28 -> 0.0038927934
A29: Target.com | B29: 0.096337893 | C29: 0.067920116 | D29: 0.0054979833 | E29: 0.012933041 | F29: 0.18268903 | H29: =$A$29 -> Target.com | I29: =$B$29 -> 0.096337893 | J29: =$C$29 -> 0.067920116 | K29: =D29 -> 0.0054979833 | L29: =E29 -> 0.012933041
A30: Website | B30: 0.12522099 | C30: 0.09149274 | D30: 0.0063042761 | E30: 0.012408404 | F30: 0.23542641 | H30: =$A$30 -> Website | I30: =$B$30 -> 0.12522099 | J30: =$C$30 -> 0.09149274 | K30: =D30 -> 0.0063042761 | L30: =E30 -> 0.012408404
A31: Grand Total | B31: 0.52495717 | C31: 0.37116849 | D31: 0.026245886 | E31: 0.077628448 | F31: 1
A34: Quantity | B34: Count of TX ID | D34: Quantity | E34: Count of TX ID
A35: 1 | B35: 397 | D35: =A35 -> 1 | E35: =B35 -> 397
A36: 2 | B36: 540 | D36: =A36 -> 2 | E36: =B36 -> 540
A37: 3 | B37: 375 | D37: =A37 -> 3 | E37: =B37 -> 375
A38: 4 | B38: 246 | D38: =A38 -> 4 | E38: =B38 -> 246
A39: 5 | B39: 195 | D39: =A39 -> 5 | E39: =B39 -> 195
A40: 6 | B40: 122 | D40: =A40 -> 6 | E40: =B40 -> 122
A41: 7 | B41: 114 | D41: =A41 -> 7 | E41: =B41 -> 114
A42: 8 | B42: 73 | D42: 8 to 15 | E42: =SUM(B42:B49) -> 303
A43: 9 | B43: 52 | D43: 15 + | E43: =SUM(B49:B82) -> 123
A44: 10 | B44: 53
A45: 11 | B45: 37
A46: 12 | B46: 33
A47: 13 | B47: 23
A48: 14 | B48: 17
A49: 15 | B49: 15
A50: 16 | B50: 13
A51: 17 | B51: 10
A52: 18 | B52: 10
A53: 19 | B53: 13
A54: 20 | B54: 4
A55: 21 | B55: 4
... A82: 87 | B82: 1
A83: Grand Total | B83: 2400
A86: Sum of Quantity | B86: Customer Gender | K86: Gender Value | L86: Sum of Quantity
A87: Product | B87: F | C87: M | D87: O | E87: Grand Total | K87: Female | L87: 6272
A88: T-Shirts | B88: 744 | C88: 713 | D88: 90 | E88: 1547 | K88: Male | L88: 4672
A89: Jeans | B89: 716 | C89: 598 | D89: 18 | E89: 1332 | K89: Other | L89: 317
A90: Sneakers | B90: 627 | C90: 393 | D90: 29 | E90: 1049 | K90: Unknown | L90: 736
A91: Tank Tops | B91: 568 | C91: 306 | D91: 22 | E91: 896 | K91: Grand Total | L91: 11997
A92: Bikinis | B92: 482 | C92: 295 | D92: 8 | E92: 785
A93: Shorts | B93: 428 | C93: 293 | E93: 721
A94: Sundresses | B94: 445 | C94: 202 | D94: 14 | E94: 661
A95: Graphic Tees | B95: 431 | C95: 187 | D95: 14 | E95: 632
A96: Hoodies & Sweatshirts | B96: 264 | C96: 318 | D96: 15 | E96: 597
A97: Sandals | B97: 296 | C97: 275 | D97: 9 | E97: 580
A98: Crop Tops | B98: 153 | C98: 246 | D98: 30 | E98: 429
A99: Leggings | B99: 189 | C99: 168 | D99: 10 | E99: 367
A100: Casual Dresses | B100: 234 | C100: 93 | D100: 19 | E100: 346
A101: Pajama Sets | B101: 127 | C101: 118 | D101: 13 | E101: 258
A102: Maxi Dresses | B102: 179 | C102: 76 | D102: 3 | E102: 258
A103: Workout Tops | B103: 146 | C103: 94 | D103: 4 | E103: 244
A104: Tote Bags | B104: 75 | C104: 103 | D104: 4 | E104: 182
A105: Sunglasses | B105: 99 | C105: 69 | D105: 3 | E105: 171
... A108: Grand Total | B108: 6272 | C108: 4672 | D108: 317 | E108: 11261
J111: Top 10 Country-
A112: State | B112: County | C112: Sum of Quantity | D112: Sum of Amount | F112: State | G112: country | H112: Sum of Amount | J112: State | K112: country | L112: Sum of Amount
A113: California | B113: Alameda County | C113: 579 | D113: 31885 | F113: california | G113: Los Angeles County | H113: 215551.2 | J113: california | K113: Los Angeles County | L113: 215551.2
B114: Alpine County | C114: 1 | D114: 10.9 | F114: california | G114: San Diego County | H114: 98367.1 | J114: california | K114: San Diego County | L114: 98367.1
B115: Amador County | C115: 9 | D115: 800.3 | F115: california | G115: Sacramento County | H115: 37784.9 | J115: california | K115: Sacramento County | L115: 37784.9
B116: Butte County | C116: 35 | D116: 1062.6 | F116: california | G116: Santa Clara County | H116: 37449 | J116: california | K116: Santa Clara County | L116: 37449
B117: Calaveras County | C117: 12 | D117: 326.2 | F117: california | G117: Alameda County | H117: 31885 | J117: california | K117: Alameda County | L117: 31885
B118: Colusa County | C118: 4 | D118: 167.5 | F118: california | G118: San Francisco | H118: 21911.9 | J118: california | K118: San Francisco | L118: 21911.9
B119: Contra Costa County | C119: 341 | D119: 16168.7 | F119: california | G119: San Bernardino County | H119: 20988.9 | J119: california | K119: San Bernardino County | L119: 20988.9
B120: Del Norte County | C120: 13 | D120: 322.4 | F120: california | G120: Sonoma County | H120: 20939.6 | J120: california | K120: Sonoma County | L120: 20939.6
B121: El Dorado County | C121: 31 | D121: 2092.8 | F121: california | G121: San Mateo County | H121: 16172 | J121: california | K121: San Mateo County | L121: 16172
B122: Fresno County | C122: 279 | D122: 12662.5 | F122: california | G122: Contra Costa County | H122: 16168.7 | J122: california | K122: Contra Costa County | L122: 16168.7
B123: Glenn County | C123: 9 | D123: 343.2 | F123: california | G123: Fresno County | H123: 12662.5
B124: Humboldt County | C124: 49 | D124: 2188.3 | F124: california | G124: Kern County | H124: 11354.2
B125: Imperial County | C125: 59 | D125: 2661.6 | F125: california | G125: Stanislaus County | H125: 10185.9
B126: Inyo County | C126: 8 | D126: 887.5 | F126: california | G126: Ventura County | H126: 9869.1
B127: Kern County | C127: 222 | D127: 11354.2 | F127: california | G127: Orange County | H127: 9680.4
B128: Kings County | C128: 36 | D128: 1558.4 | F128: california | G128: Placer County | H128: 9414.8
B129: Lake County | C129: 30 | D129: 2223.9 | F129: california | G129: Riverside County | H129: 7691.3
B130: Lassen County | C130: 1 | D130: 26.2 | F130: california | G130: Napa County | H130: 6444.9
B131: Los Angeles County | C131: 3991 | D131: 215551.2 | F131: california | G131: San Joaquin County | H131: 5441.2
B132: Madera County | C132: 45 | D132: 2687.4 | F132: california | G132: Santa Barbara County | H132: 4335
B133: Marin County | C133: 39 | D133: 1463.3 | F133: california | G133: Tulare County | H133: 3978.5
B134: Mariposa County | C134: 6 | D134: 445.8 | F134: california | G134: Shasta County | H134: 3391.1
... B170: Yuba County | C170: 3 | D170: 285 | F170: california | G170: Alpine County | H170: 10.9
A171: California Total | C171: 11997 | D171: 649019.8
A172: Grand Total | C172: 11997 | D172: 649019.8
A176: Days to Deliver | B176: Count of TX ID
A177: 0 | B177: 175
...

Sheet Questions & KPIs
B2: KPIs
B3: Total Orders
B4: Total Quantity
B5: Total Amount
B6: Avg. Rating
B7: Avg. Days to Deliver
B10: Questions
B11: Trend in the last 13 weeks
B12: How our customers like to buy
B13: How many they buy?
B14: Which products are popular?
B15: Overall gender split
... B18: How happy are our customers?

Sheet Dashboard
L3: Female | M3: Male | N3: Other | O3: Unknown
B4: 🛒 Orders | K4: App | L4: 0.18961825 | M4: 0.12262322 | N4: 0.010605378 | O4: 0.030599221
B5: =Pivot!G4 -> 2,400 | K5: Instagram | L5: 0.050283982 | M5: 0.043060782 | N5: 0.0015320026 | O5: 0.017794989
K6: Partner App | L6: 0.06349606 | M6: 0.04607163 | N6: 0.0023062471 | O6: 0.0038927934
K7: Target.com | L7: 0.096337893 | M7: 0.067920116 | N7: 0.0054979833 | O7: 0.012933041
B8: 📦 Quantity | K8: Website | L8: 0.12522099 | M8: 0.09149274 | N8: 0.0063042761 | O8: 0.012408404
B9: =Pivot!H4 -> 11,997
B12: 💰 Amount
B13: =Pivot!I4 -> $649.0k
B16: 🌟 Avg. Rating
B17: =Pivot!J4 -> 4.0
B20: 📅 Avg. Days To Deliver
B21: =Pivot!K4 -> 2.3

Sheet Logo & Colors
H2: Resouces:
B3: Logo
H4: Excel Dashboard Tutorial Video
B5: Color Scheme | H5: Adv. Excel Dashboards Course by Chandoo
C6: #9FBFAD | D6: Accent 1 | H6: You will get the full workbook in the course!
C7: #748C76 | D7: Accent 2
C8: #505947 | D8: Accent 3
C9: #BF7F5A | D9: Accent 4
C10: #BF3939 | D10: Accent 5
C11: #4887E6 | D11: Accent 6
B13: Emojis
B14: 🛒 | C14: Orders
B15: 👕 | C15: Quantity
B16: 💰 | C16: Amount
B17: ⭐ | C17: Rating
B18: 📅 | C18: Days to deliver
B21: Format Codes
B22: #,## | C22: value with thousand's seperator
B23: $#,##,.0k | C23: Amount in thousands with one decimal
B24: 0.0 | C24: Other numbers
